{
    "1ubq_A.pdb": {
        "hbonds": [
            2.0,
            1.0,
            2.0,
            2.0,
            2.0,
            2.0,
            3.0,
            0.0,
            1.0,
            1.0,
            1.0,
            0.0,
            2.0,
            0.0,
            2.0,
            1.0,
            2.0,
            2.0,
            1.0,
            0.0,
            3.0,
            1.0,
            2.0,
            2.0,
            2.0,
            1.0,
            3.0,
            2.0,
            3.0,
            2.0,
            2.0,
            1.0,
            1.0,
            1.0,
            1.0,
            1.0,
            1.0,
            1.0,
            0.0,
            2.0,
            2.0,
            2.0,
            1.0,
            2.0,
            2.0,
            0.0,
            0.0,
            2.0,
            0.0,
            1.0,
            2.0,
            2.0,
            0.0,
            2.0,
            3.0,
            2.0,
            2.0,
            2.0,
            1.0,
            0.0,
            1.0,
            1.0,
            0.0,
            1.0,
            2.0,
            0.0,
            2.0,
            2.0,
            1.0,
            2.0,
            0.0,
            1.0,
            0.0,
            0.0,
            0.0,
            0.0
        ],
        "energies": [
            0.31609520070826314,
            0.17739719533935502,
            -6.610750756187568,
            -4.078670778148844,
            -6.390887654063393,
            -3.6004276395920862,
            -2.143706359818186,
            2.736004989027863,
            2.3155180638636232,
            -0.9285123129460496,
            2.075884358398137,
            -1.476175926311042,
            37.86081220821845,
            0.7487536076914776,
            7.970390767965058,
            0.1896644868189398,
            -4.584445542636686,
            0.8236283172254506,
            -3.671121875647575,
            3.721829912987216,
            -4.144553306024148,
            -2.2790607138623145,
            -3.091441817168519,
            -1.5641438857309016,
            1.12921620767233,
            -3.520094722650428,
            -7.446121136461304,
            -2.152984434006452,
            0.6295193146653322,
            -6.46008678418334,
            -1.0956035649419418,
            2.72228505415778,
            7.742924901317221,
            -0.15016028616595128,
            -2.0241374486656363,
            -1.082069087678084,
            -2.1709718396102473,
            -1.7230088827445995,
            16.067784780654122,
            -1.9423815266298734,
            -3.990868867988808,
            4.485318281482754,
            -5.41099711498638,
            -2.6227220750208824,
            -3.4264200667306053,
            0.7985191403748624,
            0.016712069407925363,
            2.0799257626607353,
            2.8767992428197187,
            -4.9904328086487535,
            3.4752348035261997,
            -2.4801453326194722,
            1.2984212014957588,
            5.028657520716627,
            -1.718561697531175,
            -4.232826023947469,
            -1.864458234481615,
            -1.505557349544696,
            -3.4568923897913306,
            0.47856831560532587,
            -4.524459108883217,
            4.423394754804904,
            5.735935834719933,
            7.163264653113989,
            -1.3471752301191755,
            -1.490668839652942,
            -5.513086032187273,
            -2.0601367054386035,
            -5.814137251388728,
            -2.8976299825505514,
            2.8545784137350805,
            21.09744820219802,
            3.8480848233635596,
            12.456684086915443,
            -0.09216045933982653,
            1.1033510984154629
        ],
        "sap-score": [
            0.47059264220297337,
            0.02379593998193741,
            0.11826055031269789,
            1.2495567984879017,
            0.2847160864621401,
            0.0,
            0.25430333241820335,
            5.435507893562317,
            0.01881069177761674,
            0.0,
            0.0,
            0.09576079621911049,
            0.06511628441512585,
            0.18925269693136215,
            0.14379558968357742,
            0.0,
            0.04258560296148062,
            0.0,
            0.4142025038599968,
            0.0,
            0.0,
            0.0,
            0.10402925359085202,
            0.0,
            0.0,
            0.139233510941267,
            0.1548385750502348,
            0.19485725462436676,
            0.0,
            0.49527131859213114,
            0.042649853974580765,
            0.0,
            0.0,
            0.0,
            0.0,
            2.3438657745718956,
            0.5214742384850979,
            0.39568542316555977,
            0.0,
            0.7821730859577656,
            0.14173737913370132,
            0.0,
            0.1737794242799282,
            0.4045419916510582,
            2.058374807238579,
            0.3513284921646118,
            0.0,
            0.00046436022967100143,
            0.0,
            0.45699211629107594,
            0.0,
            0.0,
            0.0,
            0.0,
            0.0,
            0.21223708894103765,
            0.01481836661696434,
            0.0,
            0.1611874932423234,
            0.0,
            0.6798188007087447,
            0.0,
            0.0,
            0.0,
            0.2566349674016237,
            0.06238275021314621,
            0.33614251809194684,
            0.0,
            0.7999343769624829,
            1.3122099554166198,
            3.252034053206444,
            0.0,
            3.983704298734665,
            0.0,
            0.0,
            0.0
        ],